"SampleName","contributors1","contributors2","model","template1","template2","degradation1","degradation2","c2","k2BackStutter","k2ForwardStutter","k22bpBackStutter","k2DoubleBackStutter","D3S1358","vWA","D16S539","CSF1PO","TPOX","AMEL","D8S1179","D21S11","D18S51","D2S441","D19S433","TH01","FGA","D22S1045","D5S818","D13S317","D7S820","SE33","D10S1248","D1S1656","D12S391","D2S1338"
"sample_0001_N2_50_10000_bc","U1","U2","log_normal_model",50,10000,0.00320584888304562,0.00426398252297565,12.998119491462,27.9333079455395,14.5333213033275,1.49801021773933,5.52549856103973,0.979926280379852,1.04230113689052,1.50394622044582,0.555171337216172,0.793213342446951,1.24749317840923,0.824078621925654,1.14049691442828,0.912790274996179,0.805305792653484,0.838177873798891,1.69133412736928,0.788723168181409,1.07033363577412,1.08467101795064,1.0280325907288,1.41786775583034,0.675184570010046,1.36663964150896,1.02093652650319,0.686573072617333,0.804504861475071
"sample_0002_N2_50_10000_bb","U1","U2","log_normal_model",50,10000,0.00201741984591343,0.00384376416602497,9.21200978011815,48.1758842056678,3.44857014948571,6.94937334943915,8.00564560586003,1.2001117290363,1.17907070921233,0.952667537989604,0.729365905585998,1.20546649802691,0.822007537117385,0.86345950943535,0.783630928818885,1.25768893135907,0.639483624407383,1.3812399939035,1.01967221127327,1.61705490869669,1.81079203274804,1.09506175584796,1.25689216644332,0.841674033252623,2.01893274451774,1.12140430176612,1.19685456126531,1.08693762211983,0.881747900185097
